Const,Your Rating,Date Rated,Title,Original Title,URL,Title Type,IMDb Rating,Runtime (mins),Year,Genres,Num Votes,Release Date,Directors
tt31193180,7,2025-09-30,"Sinners","Sinners",https://www.imdb.com/title/tt31193180,Movie,7.5,137,2025,"Drama, Thriller, Horror, Action, Music",356685,"2025-04-18","Ryan Coogler"
tt2386237,3,2025-03-07,"Malevolent","Malevolent",https://www.imdb.com/title/tt2386237,Movie,4.9,89,2018,"Horror, Mystery, Thriller",19449,"2018-10-05","Olaf de Fleur Johannesson"
tt8008948,9,2025-02-07,"Den of Thieves: Pantera","Den of Thieves: Pantera",https://www.imdb.com/title/tt8008948,Movie,6.3,144,2025,"Action, Crime, Drama, Thriller",41987,"2025-01-10","Christian Gudegast"
tt13918776,7,2025-02-07,"The Night Agent","The Night Agent",https://www.imdb.com/title/tt13918776,TV Series,7.4,45,2023,"Drama, Thriller, Action",149227,"2023-03-23",
tt27403986,5,2025-01-13,"Juror #2","Juror #2",https://www.imdb.com/title/tt27403986,Movie,7.0,114,2024,"Thriller, Drama, Crime, Mystery",121106,"2024-12-20","Clint Eastwood"
tt17279496,6,2025-01-12,"Civil War","Civil War",https://www.imdb.com/title/tt17279496,Movie,7.0,109,2024,"Action, Thriller, War",261129,"2024-04-12","Alex Garland"
tt14403178,8,2024-04-11,"Beef","Beef",https://www.imdb.com/title/tt14403178,TV Series,8.0,30,2023,"Comedy, Drama",158801,"2023-04-06",
tt13016388,10,2024-04-08,"3 Body Problem","3 Body Problem",https://www.imdb.com/title/tt13016388,TV Series,7.5,60,2024,"Sci-Fi, Adventure, Drama, Fantasy, Mystery",175884,"2024-03-21",
tt3359350,7,2024-04-03,"Road House","Road House",https://www.imdb.com/title/tt3359350,Movie,6.2,121,2024,"Action, Thriller, Drama",180737,"2024-03-21","Doug Liman"
tt7401588,9,2023-05-22,"Instant Family","Instant Family",https://www.imdb.com/title/tt7401588,Movie,7.3,118,2018,"Comedy, Drama",134203,"2018-11-16","Sean Anders"
tt11358390,6,2023-05-10,"Renfield","Renfield",https://www.imdb.com/title/tt11358390,Movie,6.4,93,2023,"Comedy, Horror, Fantasy, Action",118156,"2023-04-14","Chris McKay"
tt10234724,5,2022-12-29,"Moon Knight","Moon Knight",https://www.imdb.com/title/tt10234724,TV Mini Series,7.3,50,2022,"Action, Adventure, Fantasy",305917,"2022-03-30",
tt15318872,5,2022-12-28,"Werewolf by Night","Werewolf by Night",https://www.imdb.com/title/tt15318872,TV Movie,7.1,52,2022,"Horror, Action, Drama, Mystery, Thriller, Fantasy",78470,"2022-10-07","Michael Giacchino"
tt9140560,9,2022-12-19,"WandaVision","WandaVision",https://www.imdb.com/title/tt9140560,TV Mini Series,7.9,40,2021,"Action, Sci-Fi, Fantasy, Comedy, Mystery",410433,"2021-01-15",
tt0109040,7,2022-12-17,"Ace Ventura: Pet Detective","Ace Ventura: Pet Detective",https://www.imdb.com/title/tt0109040,Movie,6.9,86,1994,"Comedy",349562,"1994-02-04","Tom Shadyac"
tt0196229,5,2022-12-15,"Zoolander","Zoolander",https://www.imdb.com/title/tt0196229,Movie,6.5,90,2001,"Comedy",313276,"2001-09-28","Ben Stiller"
tt13320622,6,2022-12-14,"The Lost City","The Lost City",https://www.imdb.com/title/tt13320622,Movie,6.1,112,2022,"Action, Comedy, Romance, Adventure",174686,"2022-03-25","Aaron Nee,Adam Nee"
tt1524137,4,2022-12-13,"Contraband","Contraband",https://www.imdb.com/title/tt1524137,Movie,6.4,109,2012,"Thriller, Crime, Action, Drama, Adventure, Mystery",128816,"2012-01-13","Baltasar Kormákur"
tt1041829,6,2022-12-13,"The Proposal","The Proposal",https://www.imdb.com/title/tt1041829,Movie,6.8,108,2009,"Comedy, Romance, Drama",391600,"2009-06-19","Anne Fletcher"
tt0319262,6,2022-12-13,"The Day After Tomorrow","The Day After Tomorrow",https://www.imdb.com/title/tt0319262,Movie,6.5,124,2004,"Action, Adventure, Sci-Fi, Thriller",507146,"2004-05-28","Roland Emmerich"
tt1403865,7,2022-12-13,"True Grit","True Grit",https://www.imdb.com/title/tt1403865,Movie,7.6,110,2010,"Drama, Western",373836,"2010-12-22","Ethan Coen,Joel Coen"
tt0465580,6,2022-12-12,"Push","Push",https://www.imdb.com/title/tt0465580,Movie,6.1,111,2009,"Sci-Fi, Thriller, Action",119035,"2009-02-06","Paul McGuigan"
tt3706352,3,2022-12-12,"All the Old Knives","All the Old Knives",https://www.imdb.com/title/tt3706352,Movie,6.2,101,2022,"Thriller, Mystery",31742,"2022-04-08","Janus Metz"
tt0804522,6,2022-12-11,"Rendition","Rendition",https://www.imdb.com/title/tt0804522,Movie,6.8,122,2007,"Thriller, Drama",59671,"2007-10-19","Gavin Hood"
tt0499556,5,2022-12-07,"War","War",https://www.imdb.com/title/tt0499556,Movie,6.2,103,2007,"Action, Thriller",100931,"2007-08-24","Philip G. Atwell"
tt13623136,8,2022-12-06,"The Guardians of the Galaxy Holiday Special","The Guardians of the Galaxy Holiday Special",https://www.imdb.com/title/tt13623136,TV Special,6.9,42,2022,"Action, Adventure, Comedy, Sci-Fi",107253,"2022-11-25","James Gunn"
tt6443346,8,2022-12-06,"Black Adam","Black Adam",https://www.imdb.com/title/tt6443346,Movie,6.1,125,2022,"Action, Sci-Fi, Fantasy, Adventure",300413,"2022-10-21","Jaume Collet-Serra"
tt4555426,7,2022-12-06,"Darkest Hour","Darkest Hour",https://www.imdb.com/title/tt4555426,Movie,7.4,125,2017,"Drama, War, Biography, History",240785,"2017-12-22","Joe Wright"
tt9411972,7,2022-12-02,"Where the Crawdads Sing","Where the Crawdads Sing",https://www.imdb.com/title/tt9411972,Movie,7.2,125,2022,"Drama, Mystery, Thriller, Romance",155383,"2022-07-15","Olivia Newman"
tt7395114,7,2022-11-27,"The Devil All the Time","The Devil All the Time",https://www.imdb.com/title/tt7395114,Movie,7.1,138,2020,"Drama, Thriller, Crime",166836,"2020-09-10","Antonio Campos"
tt0455944,9,2022-11-27,"The Equalizer","The Equalizer",https://www.imdb.com/title/tt0455944,Movie,7.3,132,2014,"Thriller, Action, Crime",460011,"2014-09-26","Antoine Fuqua"
tt0473705,7,2022-11-25,"State of Play","State of Play",https://www.imdb.com/title/tt0473705,Movie,7.1,127,2009,"Drama, Mystery, Thriller, Crime",165667,"2009-04-17","Kevin Macdonald"
tt1615147,5,2022-11-24,"Margin Call","Margin Call",https://www.imdb.com/title/tt1615147,Movie,7.1,107,2011,"Thriller, Drama",159351,"2011-09-29","J.C. Chandor"
tt8784956,5,2022-11-23,"Ava","Ava",https://www.imdb.com/title/tt8784956,Movie,5.5,96,2020,"Action, Thriller, Drama, Crime",67544,"2020-09-25","Tate Taylor"
tt1206885,6,2022-11-23,"Rambo: Last Blood","Rambo: Last Blood",https://www.imdb.com/title/tt1206885,Movie,6.1,89,2019,"Action, Thriller, Crime",118387,"2019-09-20","Adrian Grunberg"
tt9893250,6,2022-11-19,"I Care a Lot","I Care a Lot",https://www.imdb.com/title/tt9893250,Movie,6.4,118,2020,"Comedy, Crime, Thriller, Drama",157152,"2021-02-19","J Blakeson"
tt12987894,6,2022-11-19,"American Murder: The Family Next Door","American Murder: The Family Next Door",https://www.imdb.com/title/tt12987894,Movie,7.2,83,2020,"Documentary, Crime",36977,"2020-09-30","Jenny Popplewell"
tt8367814,7,2022-11-19,"The Gentlemen","The Gentlemen",https://www.imdb.com/title/tt8367814,Movie,7.8,113,2019,"Action, Crime, Comedy",450455,"2020-01-24","Guy Ritchie"
tt18970124,6,2022-11-17,"Conversations with a Killer: The John Wayne Gacy Tapes","Conversations with a Killer: The John Wayne Gacy Tapes",https://www.imdb.com/title/tt18970124,TV Mini Series,7.1,60,2022,"Documentary, Crime, Biography",14917,"2022-04-20",
tt11318602,8,2022-11-17,"Don't F**k with Cats: Hunting an Internet Killer","Don't Fuck with Cats: Hunting an Internet Killer",https://www.imdb.com/title/tt11318602,TV Mini Series,8.0,60,2019,"Documentary, Crime, Mystery",68315,"2019-12-18",
tt1245526,5,2022-10-31,"RED","RED",https://www.imdb.com/title/tt1245526,Movie,7.0,111,2010,"Action, Comedy, Thriller, Crime",336752,"2010-10-15","Robert Schwentke"
tt0183649,8,2022-10-30,"Phone Booth","Phone Booth",https://www.imdb.com/title/tt0183649,Movie,7.1,81,2002,"Crime, Thriller",299927,"2003-04-04","Joel Schumacher"
tt8688634,6,2022-10-30,"21 Bridges","21 Bridges",https://www.imdb.com/title/tt8688634,Movie,6.7,99,2019,"Thriller, Crime, Drama, Action, Adventure, Mystery",80047,"2019-11-22","Brian Kirk"
tt0129387,7,2022-10-15,"There's Something About Mary","There's Something About Mary",https://www.imdb.com/title/tt0129387,Movie,7.1,119,1998,"Romance, Comedy",345889,"1998-07-15","Bobby Farrelly,Peter Farrelly"
tt1124035,6,2022-10-14,"The Ides of March","The Ides of March",https://www.imdb.com/title/tt1124035,Movie,7.1,101,2011,"Drama, Thriller",237927,"2011-10-07","George Clooney"
tt10268488,7,2022-10-14,"The Greatest Beer Run Ever","The Greatest Beer Run Ever",https://www.imdb.com/title/tt10268488,Movie,6.8,126,2022,"War, Drama, Adventure, Comedy",36083,"2022-09-30","Peter Farrelly"
tt4846232,5,2022-10-11,"Good Time","Good Time",https://www.imdb.com/title/tt4846232,Movie,7.3,102,2017,"Crime, Drama, Thriller",152670,"2017-08-25","Benny Safdie,Josh Safdie"
tt5727208,7,2022-10-11,"Uncut Gems","Uncut Gems",https://www.imdb.com/title/tt5727208,Movie,7.4,135,2019,"Drama, Crime, Thriller",348300,"2019-12-25","Benny Safdie,Josh Safdie"
tt2170299,6,2022-10-09,"Bad Words","Bad Words",https://www.imdb.com/title/tt2170299,Movie,6.7,89,2013,"Comedy, Drama",57791,"2014-03-28","Jason Bateman"
tt13314558,6,2022-10-09,"Day Shift","Day Shift",https://www.imdb.com/title/tt13314558,Movie,6.1,113,2022,"Comedy, Fantasy, Action, Thriller, Horror",98058,"2022-08-12","J.J. Perry"
tt15574312,7,2022-10-09,"The Patient","The Patient",https://www.imdb.com/title/tt15574312,TV Mini Series,7.0,30,2022,"Thriller, Drama, Mystery",35720,"2022-08-30",
tt13207736,7,2022-10-09,"Monster","Monster",https://www.imdb.com/title/tt13207736,TV Series,7.8,60,2022,"Crime, Drama, Biography, Thriller",219699,"2022-09-21",
tt15255876,5,2022-10-09,"Emily the Criminal","Emily the Criminal",https://www.imdb.com/title/tt15255876,Movie,6.7,97,2022,"Drama, Crime, Thriller",66376,"2022-08-12","John Patton Ford"
tt0448134,6,2022-10-07,"Sunshine","Sunshine",https://www.imdb.com/title/tt0448134,Movie,7.2,107,2007,"Sci-Fi, Thriller",283540,"2007-07-27","Danny Boyle"
tt11909878,5,2022-10-06,"Hocus Pocus 2","Hocus Pocus 2",https://www.imdb.com/title/tt11909878,Movie,6.0,103,2022,"Comedy, Fantasy, Family",58835,"2022-09-30","Anne Fletcher"
tt0454921,9,2022-10-01,"The Pursuit of Happyness","The Pursuit of Happyness",https://www.imdb.com/title/tt0454921,Movie,8.0,117,2006,"Drama, Biography",611721,"2006-12-15","Gabriele Muccino"
tt1745960,8,2022-10-01,"Top Gun: Maverick","Top Gun: Maverick",https://www.imdb.com/title/tt1745960,Movie,8.2,130,2022,"Action, Drama",839944,"2022-05-27","Joseph Kosinski"
tt4301160,8,2022-09-15,"Black Bird","Black Bird",https://www.imdb.com/title/tt4301160,TV Mini Series,8.1,58,2022,"Crime, Drama, Thriller, Mystery, Biography",138177,"2022-07-08",
tt12593682,9,2022-09-09,"Bullet Train","Bullet Train",https://www.imdb.com/title/tt12593682,Movie,7.3,127,2022,"Action, Thriller, Comedy",521374,"2022-08-05","David Leitch"
tt1649418,7,2022-08-13,"The Gray Man","The Gray Man",https://www.imdb.com/title/tt1649418,Movie,6.5,122,2022,"Thriller, Mystery, Action",268391,"2022-07-22","Joe Russo,Anthony Russo"
tt2356777,8,2022-08-08,"True Detective","True Detective",https://www.imdb.com/title/tt2356777,TV Series,8.8,60,2014,"Crime, Drama, Mystery, Thriller",739173,"2014-01-12",
tt1895587,9,2022-07-25,"Spotlight","Spotlight",https://www.imdb.com/title/tt1895587,Movie,8.1,129,2015,"Drama, Crime, Biography",530443,"2015-11-20","Tom McCarthy"
tt7144666,7,2022-07-25,"The Black Phone","The Black Phone",https://www.imdb.com/title/tt7144666,Movie,6.9,103,2021,"Horror, Thriller, Mystery",255434,"2022-06-24","Scott Derrickson"
tt21059520,8,2022-07-25,"Girl in the Picture","Girl in the Picture",https://www.imdb.com/title/tt21059520,Movie,7.3,101,2022,"Documentary, Crime, Mystery",25033,"2022-07-06","Skye Borgman"
tt11138512,6,2022-07-12,"The Northman","The Northman",https://www.imdb.com/title/tt11138512,Movie,7.0,137,2022,"Drama, Adventure, Thriller, Action, History, Fantasy",294489,"2022-04-22","Robert Eggers"
tt0375679,7,2022-07-12,"Crash","Crash",https://www.imdb.com/title/tt0375679,Movie,7.7,112,2004,"Drama, Crime, Thriller",460194,"2005-05-06","Paul Haggis"
tt11233960,6,2022-07-10,"The Unforgivable","The Unforgivable",https://www.imdb.com/title/tt11233960,Movie,7.2,112,2021,"Drama, Crime, Mystery",126862,"2021-12-10","Nora Fingscheidt"
tt11286314,8,2022-06-29,"Don't Look Up","Don't Look Up",https://www.imdb.com/title/tt11286314,Movie,7.1,138,2021,"Comedy, Drama, Sci-Fi",660807,"2021-12-24","Adam McKay"
tt0758794,7,2022-06-16,"We Are Marshall","We Are Marshall",https://www.imdb.com/title/tt0758794,Movie,7.1,131,2006,"Drama, Sport",67397,"2006-12-22","McG"
tt8009428,7,2022-06-13,"Hustle","Hustle",https://www.imdb.com/title/tt8009428,Movie,7.3,117,2022,"Sport, Comedy, Drama",161446,"2022-06-08","Jeremiah Zagar"
tt3402236,6,2022-06-01,"Murder on the Orient Express","Murder on the Orient Express",https://www.imdb.com/title/tt3402236,Movie,6.5,114,2017,"Drama, Mystery, Crime, Thriller, Comedy",318511,"2017-11-10","Kenneth Branagh"
tt5834426,6,2022-06-01,"Moonfall","Moonfall",https://www.imdb.com/title/tt5834426,Movie,5.2,130,2022,"Sci-Fi, Adventure, Action",111162,"2022-02-04","Roland Emmerich"
tt4998632,7,2022-06-01,"Ambulance","Ambulance",https://www.imdb.com/title/tt4998632,Movie,6.1,136,2022,"Action, Drama, Thriller, Crime",111541,"2022-04-08","Michael Bay"
tt4123432,7,2022-06-01,"Fantastic Beasts: The Secrets of Dumbledore","Fantastic Beasts: The Secrets of Dumbledore",https://www.imdb.com/title/tt4123432,Movie,6.2,142,2022,"Fantasy, Adventure",190207,"2022-04-15","David Yates"
tt2436386,7,2022-05-12,"Project Almanac","Project Almanac",https://www.imdb.com/title/tt2436386,Movie,6.4,106,2015,"Sci-Fi, Thriller, Drama, Mystery",87388,"2015-01-30","Dean Israelite"
tt10223460,6,2022-05-09,"Marry Me","Marry Me",https://www.imdb.com/title/tt10223460,Movie,6.1,112,2022,"Comedy, Romance, Music",47683,"2022-02-11","Kat Coiro"
tt1464335,6,2022-05-09,"Uncharted","Uncharted",https://www.imdb.com/title/tt1464335,Movie,6.3,116,2022,"Action, Adventure",294804,"2022-02-18","Ruben Fleischer"
tt9376612,7,2022-05-09,"Shang-Chi and the Legend of the Ten Rings","Shang-Chi and the Legend of the Ten Rings",https://www.imdb.com/title/tt9376612,Movie,7.3,132,2021,"Action, Adventure, Fantasy, Sci-Fi",481257,"2021-09-03","Destin Daniel Cretton"
tt1877830,8,2022-05-09,"The Batman","The Batman",https://www.imdb.com/title/tt1877830,Movie,7.8,176,2022,"Action, Crime, Drama, Thriller, Mystery",911630,"2022-03-04","Matt Reeves"
tt7657566,6,2022-04-21,"Death on the Nile","Death on the Nile",https://www.imdb.com/title/tt7657566,Movie,6.3,127,2022,"Drama, Crime, Mystery",207586,"2022-02-11","Kenneth Branagh"
tt9421570,7,2022-04-17,"The Guilty","The Guilty",https://www.imdb.com/title/tt9421570,Movie,6.3,90,2021,"Drama, Thriller, Crime",171238,"2021-10-01","Antoine Fuqua"
tt10696896,6,2022-04-17,"Stillwater","Stillwater",https://www.imdb.com/title/tt10696896,Movie,6.6,139,2021,"Drama, Thriller, Crime, Mystery",63291,"2021-07-30","Tom McCarthy"
tt1007028,5,2022-04-10,"Zack and Miri Make a Porno","Zack and Miri Make a Porno",https://www.imdb.com/title/tt1007028,Movie,6.5,101,2008,"Comedy, Romance",186105,"2008-10-31","Kevin Smith"
tt1136608,5,2022-04-06,"District 9","District 9",https://www.imdb.com/title/tt1136608,Movie,7.9,112,2009,"Sci-Fi, Action, Thriller",747302,"2009-08-14","Neill Blomkamp"
tt1279935,4,2022-04-06,"Date Night","Date Night",https://www.imdb.com/title/tt1279935,Movie,6.3,88,2010,"Comedy, Romance, Crime, Thriller",178522,"2010-04-09","Shawn Levy"
tt0255819,7,2022-04-06,"Baby Boy","Baby Boy",https://www.imdb.com/title/tt0255819,Movie,6.5,130,2001,"Crime, Thriller, Romance, Drama",18175,"2001-06-27","John Singleton"
tt7550000,5,2022-04-06,"Project Power","Project Power",https://www.imdb.com/title/tt7550000,Movie,6.0,113,2020,"Thriller, Sci-Fi, Action, Crime",102930,"2020-08-14","Henry Joost,Ariel Schulman"
tt0346631,8,2022-04-06,"Blood and Bone","Blood and Bone",https://www.imdb.com/title/tt0346631,Movie,6.7,93,2009,"Action, Drama, Crime, Thriller",37695,"2009-09-20","Ben Ramsey"
tt0311363,5,2022-04-06,"Jet Li Is 'the One'","Jet Li Is 'The One'",https://www.imdb.com/title/tt0311363,Video,5.8,13,2002,"Documentary, Short",835,"2002-11-14",
tt2016940,7,2022-04-06,"Man of Tai Chi","Man of Tai Chi",https://www.imdb.com/title/tt2016940,Movie,6.0,105,2013,"Action, Drama",42188,"2013-07-05","Keanu Reeves"
tt7897102,6,2022-04-06,"O.G.","O.G.",https://www.imdb.com/title/tt7897102,Movie,6.2,113,2018,"Drama",3203,"2019-02-23","Madeleine Rotzler"
tt0316732,5,2022-04-06,"Taxi","Taxi",https://www.imdb.com/title/tt0316732,Movie,4.6,97,2004,"Comedy, Thriller, Crime, Action",47686,"2004-10-06","Tim Story"
tt1924435,5,2022-04-06,"Let's Be Cops","Let's Be Cops",https://www.imdb.com/title/tt1924435,Movie,6.4,104,2014,"Comedy, Crime, Action",143723,"2014-08-13","Luke Greenfield"
tt0366551,5,2022-04-06,"Harold & Kumar Go to White Castle","Harold & Kumar Go to White Castle",https://www.imdb.com/title/tt0366551,Movie,7.0,88,2004,"Comedy, Adventure",214780,"2004-07-30","Danny Leiner"
tt1666801,5,2022-04-06,"The DUFF","The DUFF",https://www.imdb.com/title/tt1666801,Movie,6.4,101,2015,"Comedy, Romance",106435,"2015-02-20","Ari Sandel"
tt0947810,7,2022-04-04,"Green Zone","Green Zone",https://www.imdb.com/title/tt0947810,Movie,6.8,115,2010,"Drama, War, Action, Thriller",147070,"2010-03-12","Paul Greengrass"
tt2199571,6,2022-04-04,"Run All Night","Run All Night",https://www.imdb.com/title/tt2199571,Movie,6.6,114,2015,"Action, Thriller, Crime",119399,"2015-03-13","Jaume Collet-Serra"
tt0337921,6,2022-04-04,"Cellular","Cellular",https://www.imdb.com/title/tt0337921,Movie,6.5,94,2004,"Crime, Action, Thriller",109826,"2004-09-10","David R. Ellis"
tt1135084,7,2022-04-04,"Takers","Takers",https://www.imdb.com/title/tt1135084,Movie,6.2,107,2010,"Action, Crime, Thriller, Drama",68117,"2010-08-27","John Luessenhop"
tt1606389,5,2022-04-04,"The Vow","The Vow",https://www.imdb.com/title/tt1606389,Movie,6.8,104,2012,"Drama, Romance",212409,"2012-02-10","Michael Sucsy"
tt1456635,7,2022-04-03,"Goon","Goon",https://www.imdb.com/title/tt1456635,Movie,6.8,92,2011,"Comedy, Sport, Drama",93699,"2012-02-24","Michael Dowse"
tt1706620,10,2022-04-03,"Snowpiercer","Snowpiercer",https://www.imdb.com/title/tt1706620,Movie,7.1,126,2013,"Sci-Fi, Thriller, Action",416636,"2014-07-11","Bong Joon Ho"
tt1673734,8,2022-04-03,"Jamesy Boy","Jamesy Boy",https://www.imdb.com/title/tt1673734,Movie,6.3,109,2014,"Drama, Crime, Romance, Biography",6955,"2014-01-03","Trevor White"
tt0419749,7,2022-04-03,"Find Me Guilty","Find Me Guilty",https://www.imdb.com/title/tt0419749,Movie,7.0,125,2006,"Crime, Drama, Comedy, Biography",37759,"2006-03-17","Sidney Lumet"
tt1095217,7,2022-04-03,"Bad Lieutenant: Port of Call New Orleans","The Bad Lieutenant: Port of Call - New Orleans",https://www.imdb.com/title/tt1095217,Movie,6.6,122,2009,"Crime, Drama, Mystery",84166,"2009-12-11","Werner Herzog"
tt0251160,9,2022-04-03,"John Q","John Q",https://www.imdb.com/title/tt0251160,Movie,7.1,116,2002,"Crime, Drama, Thriller",152241,"2002-02-15","Nick Cassavetes"
tt0453467,9,2022-04-03,"Deja Vu","Deja Vu",https://www.imdb.com/title/tt0453467,Movie,7.1,126,2006,"Action, Thriller, Sci-Fi, Crime",343050,"2006-11-22","Tony Scott"
tt1389127,6,2022-04-03,"Texas Killing Fields","Texas Killing Fields",https://www.imdb.com/title/tt1389127,Movie,5.7,105,2011,"Drama, Crime, Thriller, History",23474,"2011-10-14","Ami Canaan Mann"
tt0278295,6,2022-04-03,"All About the Benjamins","All About the Benjamins",https://www.imdb.com/title/tt0278295,Movie,5.8,95,2002,"Thriller, Crime, Comedy, Action",16407,"2002-03-08","Kevin Bray"
tt0067992,10,2022-04-03,"Willy Wonka & the Chocolate Factory","Willy Wonka & the Chocolate Factory",https://www.imdb.com/title/tt0067992,Movie,7.8,100,1971,"Musical, Family, Adventure, Comedy, Fantasy",242859,"1971-06-30","Mel Stuart"
tt0032138,10,2022-04-03,"The Wizard of Oz","The Wizard of Oz",https://www.imdb.com/title/tt0032138,Movie,8.1,102,1939,"Musical, Family, Adventure, Fantasy",463337,"1939-08-25","Victor Fleming,George Cukor,Norman Taurog,Richard Thorpe,King Vidor"
tt4537896,7,2022-04-03,"White Boy Rick","White Boy Rick",https://www.imdb.com/title/tt4537896,Movie,6.5,111,2018,"Crime, Drama",48141,"2018-09-14","Yann Demange"
tt0097351,7,2022-04-03,"Field of Dreams","Field of Dreams",https://www.imdb.com/title/tt0097351,Movie,7.5,107,1989,"Sport, Family, Drama, Fantasy",137522,"1989-05-05","Phil Alden Robinson"
tt2011159,6,2022-04-03,"No Good Deed","No Good Deed",https://www.imdb.com/title/tt2011159,Movie,5.6,84,2014,"Thriller, Horror, Crime, Drama",23946,"2014-09-12","Sam Miller"
tt2802136,6,2022-04-03,"Home Sweet Hell","Home Sweet Hell",https://www.imdb.com/title/tt2802136,Movie,5.5,98,2015,"Comedy, Crime, Thriller, Horror",17651,"2015-02-03","Anthony Burns"
tt2172985,6,2022-03-28,"The Art of the Steal","The Art of the Steal",https://www.imdb.com/title/tt2172985,Movie,6.3,90,2013,"Comedy, Crime, Thriller",27081,"2014-06-18","Jonathan Sobol"
tt0765010,6,2022-03-25,"Brothers","Brothers",https://www.imdb.com/title/tt0765010,Movie,7.1,105,2009,"Drama, War, Thriller",169104,"2009-12-04","Jim Sheridan"
tt0450340,6,2022-03-25,"Unknown","Unknown",https://www.imdb.com/title/tt0450340,Movie,6.4,85,2006,"Drama, Thriller, Mystery, Crime",32289,"2006-11-03","Simon Brand"
tt6856242,6,2022-03-25,"The King's Man","The King's Man",https://www.imdb.com/title/tt6856242,Movie,6.3,131,2021,"Action, Adventure, Thriller",193614,"2021-12-22","Matthew Vaughn"
tt1098227,9,2022-03-25,"This Is Zodiac","This Is Zodiac",https://www.imdb.com/title/tt1098227,Video,7.6,101,2007,"Documentary, Short",26205,"2007-09-24",
tt8706598,6,2022-03-25,"The Hitman's Bodyguard: The Hitman vs. The Bodyguard","The Hitman's Bodyguard: The Hitman vs. The Bodyguard",https://www.imdb.com/title/tt8706598,Video,6.9,5,2017,"Short, Action, Comedy, Crime, Thriller",32264,"2017-11-21",
tt0416449,9,2022-03-25,"300","300",https://www.imdb.com/title/tt0416449,Movie,7.6,117,2006,"Action, Drama",905835,"2007-03-09","Zack Snyder"
tt10872600,8,2022-03-25,"Spider-Man: No Way Home","Spider-Man: No Way Home",https://www.imdb.com/title/tt10872600,Movie,8.2,148,2021,"Action, Adventure, Sci-Fi, Fantasy",997883,"2021-12-17","Jon Watts"
tt1650062,9,2022-03-25,"Super 8","Super 8",https://www.imdb.com/title/tt1650062,Movie,7.0,112,2011,"Sci-Fi, Thriller, Action",378862,"2011-06-10","J.J. Abrams"
tt1677720,10,2022-03-25,"Ready Player One","Ready Player One",https://www.imdb.com/title/tt1677720,Movie,7.4,140,2018,"Sci-Fi, Action, Adventure",534940,"2018-03-29","Steven Spielberg"
tt0450232,6,2022-03-25,"16 Blocks","16 Blocks",https://www.imdb.com/title/tt0450232,Movie,6.6,102,2006,"Action, Drama, Thriller",137943,"2006-03-03","Richard Donner"
tt0473488,6,2022-03-25,"A Guide to Recognizing Your Saints","A Guide to Recognizing Your Saints",https://www.imdb.com/title/tt0473488,Movie,6.9,100,2006,"Crime, Drama",28162,"2006-10-13","Dito Montiel"
tt2436682,5,2022-03-25,"The Duel","The Duel",https://www.imdb.com/title/tt2436682,Movie,5.8,110,2016,"Drama, Western",12664,"2016-06-24","Kieran Darcy-Smith"
tt1515091,9,2022-03-11,"Sherlock Holmes: A Game of Shadows","Sherlock Holmes: A Game of Shadows",https://www.imdb.com/title/tt1515091,Movie,7.4,129,2011,"Mystery, Action, Adventure",499236,"2011-12-16","Guy Ritchie"
tt1297919,7,2022-03-11,"Blitz","Blitz",https://www.imdb.com/title/tt1297919,Movie,6.1,97,2011,"Thriller, Crime, Action, Adventure, Mystery",95779,"2011-05-20","Elliott Lester"
tt2358925,5,2022-03-11,"Unfinished Business","Unfinished Business",https://www.imdb.com/title/tt2358925,Movie,5.4,91,2015,"Comedy, Drama",36777,"2015-03-06","Ken Scott"
tt0174856,8,2022-03-11,"The Hurricane","The Hurricane",https://www.imdb.com/title/tt0174856,Movie,7.6,146,1999,"Biography, Sport, Drama",106914,"2000-01-14","Norman Jewison"
tt0815236,6,2022-03-11,"She's Out of My League","She's Out of My League",https://www.imdb.com/title/tt0815236,Movie,6.4,104,2010,"Comedy, Romance",151858,"2010-03-12","Jim Field Smith"
tt1817273,7,2022-03-11,"The Place Beyond the Pines","The Place Beyond the Pines",https://www.imdb.com/title/tt1817273,Movie,7.3,140,2012,"Drama, Crime, Thriller",306100,"2013-04-19","Derek Cianfrance"
tt2446042,6,2022-03-11,"Taken 3","Taken 3",https://www.imdb.com/title/tt2446042,Movie,6.0,108,2014,"Action, Thriller, Crime",213637,"2015-01-09","Olivier Megaton"
tt7040874,7,2022-03-11,"A Simple Favor","A Simple Favor",https://www.imdb.com/title/tt7040874,Movie,6.7,117,2018,"Crime, Mystery, Thriller, Comedy",188620,"2018-09-14","Paul Feig"
tt3774114,9,2021-12-10,"Snowden","Snowden",https://www.imdb.com/title/tt3774114,Movie,7.3,134,2016,"Drama, Thriller, Biography, Crime",171408,"2016-09-16","Oliver Stone"
tt0120812,8,2021-12-10,"Rush Hour","Rush Hour",https://www.imdb.com/title/tt0120812,Movie,7.1,98,1998,"Thriller, Crime, Comedy, Action",323693,"1998-09-18","Brett Ratner"
tt0101507,9,2021-12-10,"Boyz n the Hood","Boyz n the Hood",https://www.imdb.com/title/tt0101507,Movie,7.8,112,1991,"Crime, Drama",166393,"1991-07-12","John Singleton"
tt0445990,8,2021-12-10,"Invincible","Invincible",https://www.imdb.com/title/tt0445990,Movie,7.0,105,2006,"Drama, Sport, Biography",78728,"2006-08-25","Ericson Core"
tt1058017,6,2021-12-10,"The Invention of Lying","The Invention of Lying",https://www.imdb.com/title/tt1058017,Movie,6.4,100,2009,"Comedy, Fantasy, Romance",156184,"2009-10-02","Ricky Gervais,Matthew Robinson"
tt0393162,8,2021-12-10,"Coach Carter","Coach Carter",https://www.imdb.com/title/tt0393162,Movie,7.4,136,2005,"Drama, Sport, Biography",189553,"2005-01-14","Thomas Carter"
tt0443543,7,2021-12-10,"The Illusionist","The Illusionist",https://www.imdb.com/title/tt0443543,Movie,7.5,110,2006,"Drama, Romance, Mystery, Thriller, Fantasy",402262,"2006-09-01","Neil Burger"
tt0478087,8,2021-12-08,"21","21",https://www.imdb.com/title/tt0478087,Movie,6.8,123,2008,"Drama, Crime, Thriller",279115,"2008-03-28","Robert Luketic"
tt0472198,8,2021-12-08,"Notorious","Notorious",https://www.imdb.com/title/tt0472198,Movie,6.7,122,2009,"Drama, Music, Biography, Crime",47726,"2009-01-16","George Tillman Jr."
tt1398426,9,2021-12-08,"Straight Outta Compton","Straight Outta Compton",https://www.imdb.com/title/tt1398426,Movie,7.8,147,2015,"Musical, Biography, Music, Drama, History",232174,"2015-08-14","F. Gary Gray"
tt0298203,8,2021-12-08,"8 Mile","8 Mile",https://www.imdb.com/title/tt0298203,Movie,7.2,110,2002,"Music, Drama",347749,"2002-11-08","Curtis Hanson"
tt1231587,7,2021-12-08,"Hot Tub Time Machine","Hot Tub Time Machine",https://www.imdb.com/title/tt1231587,Movie,6.4,99,2010,"Comedy, Sci-Fi",196649,"2010-03-26","Steve Pink"
tt0112508,6,2021-12-08,"Billy Madison","Billy Madison",https://www.imdb.com/title/tt0112508,Movie,6.4,89,1995,"Comedy",166340,"1995-02-10","Tamra Davis"
tt2234155,7,2021-12-08,"The Internship","The Internship",https://www.imdb.com/title/tt2234155,Movie,6.3,119,2013,"Comedy",225730,"2013-06-07","Shawn Levy"
tt6339102,7,2021-12-08,"We're the Millers: The Miller Makeovers","We're the Millers: The Miller Makeovers",https://www.imdb.com/title/tt6339102,Video,7.1,4,2013,"Short, Comedy, Crime",31894,"2013-08-15",
tt3530002,7,2021-12-08,"The Night Before","The Night Before",https://www.imdb.com/title/tt3530002,Movie,6.4,101,2015,"Comedy, Fantasy",89879,"2015-11-20","Jonathan Levine"
tt0884732,7,2021-12-08,"The Wedding Ringer","The Wedding Ringer",https://www.imdb.com/title/tt0884732,Movie,6.6,101,2015,"Comedy, Romance",84313,"2015-01-16","Jeremy Garelick"
tt0480687,6,2021-12-08,"Hall Pass","Hall Pass",https://www.imdb.com/title/tt0480687,Movie,5.9,105,2011,"Comedy, Romance",135499,"2011-02-25","Bobby Farrelly,Peter Farrelly"
tt0372237,7,2021-12-08,"Guess Who","Guess Who",https://www.imdb.com/title/tt0372237,Movie,5.9,105,2005,"Comedy, Romance",47985,"2005-03-25","Kevin Rodney Sullivan"
tt0763831,7,2021-12-08,"A Thousand Words","A Thousand Words",https://www.imdb.com/title/tt0763831,Movie,5.9,91,2012,"Comedy, Drama, Fantasy",47103,"2012-03-09","Brian Robbins"
tt0245686,7,2021-12-08,"Joe Dirt","Joe Dirt",https://www.imdb.com/title/tt0245686,Movie,6.0,91,2001,"Adventure, Drama, Comedy",64835,"2001-04-11","Dennie Gordon"
tt0960731,8,2021-12-08,"Bedtime Stories","Bedtime Stories",https://www.imdb.com/title/tt0960731,Movie,6.0,99,2008,"Comedy, Family, Fantasy, Romance, Adventure, Sci-Fi",105619,"2008-12-25","Adam Shankman"
tt1375670,7,2021-12-08,"Grown Ups","Grown Ups",https://www.imdb.com/title/tt1375670,Movie,6.0,102,2010,"Comedy",307736,"2010-06-25","Dennis Dugan"
tt2561572,7,2021-12-08,"Get Hard","Get Hard",https://www.imdb.com/title/tt2561572,Movie,6.0,100,2015,"Comedy, Crime, Drama",154179,"2015-03-27","Etan Cohen"
tt0115798,7,2021-12-08,"The Cable Guy","The Cable Guy",https://www.imdb.com/title/tt0115798,Movie,6.1,96,1996,"Comedy, Thriller, Drama",188179,"1996-06-14","Ben Stiller"
tt1700841,9,2021-12-08,"Sausage Party","Sausage Party",https://www.imdb.com/title/tt1700841,Movie,6.1,89,2016,"Animation, Comedy, Adventure, Fantasy",224758,"2016-08-12","Greg Tiernan,Conrad Vernon"
tt1800246,7,2021-12-08,"That Awkward Moment","That Awkward Moment",https://www.imdb.com/title/tt1800246,Movie,6.1,94,2014,"Comedy, Romance",110058,"2014-01-31","Tom Gormican"
tt0170016,10,2021-12-08,"How the Grinch Stole Christmas","How the Grinch Stole Christmas",https://www.imdb.com/title/tt0170016,Movie,6.4,104,2000,"Comedy, Family, Fantasy",330730,"2000-11-17","Ron Howard"
tt0305224,8,2021-12-08,"Anger Management","Anger Management",https://www.imdb.com/title/tt0305224,Movie,6.3,106,2003,"Comedy",240014,"2003-04-11","Peter Segal"
tt1408253,7,2021-12-08,"Ride Along","Ride Along",https://www.imdb.com/title/tt1408253,Movie,6.1,99,2014,"Action, Comedy, Crime",128689,"2014-01-17","Tim Story"
tt4680182,8,2021-12-08,"Colossal","Colossal",https://www.imdb.com/title/tt4680182,Movie,6.2,109,2016,"Comedy, Sci-Fi, Fantasy, Drama, Horror",73135,"2017-04-21","Nacho Vigalondo"
tt0181316,7,2021-12-08,"Blue Streak","Blue Streak",https://www.imdb.com/title/tt0181316,Movie,6.4,93,1999,"Crime, Thriller, Comedy, Action",93608,"1999-09-17","Les Mayfield"
tt0303714,8,2021-12-08,"Barbershop","Barbershop",https://www.imdb.com/title/tt0303714,Movie,6.4,102,2002,"Drama, Comedy",35486,"2002-09-13","Tim Story"
tt2170439,8,2021-12-08,"Horrible Bosses 2","Horrible Bosses 2",https://www.imdb.com/title/tt2170439,Movie,6.3,108,2014,"Comedy, Crime",192279,"2014-11-26","Sean Anders"
tt6902676,7,2021-12-08,"Guns Akimbo","Guns Akimbo",https://www.imdb.com/title/tt6902676,Movie,6.3,98,2019,"Action, Comedy, Thriller, Crime",76633,"2020-02-28","Jason Lei Howden"
tt0142342,8,2021-12-08,"Big Daddy","Big Daddy",https://www.imdb.com/title/tt0142342,Movie,6.5,93,1999,"Drama, Comedy",249385,"1999-06-25","Dennis Dugan"
tt0180734,7,2021-12-08,"Hardball","Hard Ball",https://www.imdb.com/title/tt0180734,Movie,6.4,106,2001,"Sport, Comedy, Drama",35697,"2001-09-14","Brian Robbins"
tt0384793,7,2021-12-08,"Accepted","Accepted",https://www.imdb.com/title/tt0384793,Movie,6.4,93,2006,"Comedy",145532,"2006-08-18","Steve Pink"
tt0389860,8,2021-12-08,"Click","Click",https://www.imdb.com/title/tt0389860,Movie,6.4,107,2006,"Comedy, Drama, Romance, Fantasy",382436,"2006-06-23","Frank Coraci"
tt0398165,8,2021-12-08,"The Longest Yard","The Longest Yard",https://www.imdb.com/title/tt0398165,Movie,6.4,113,2005,"Comedy, Sport, Crime",209140,"2005-05-27","Peter Segal"
tt1980209,7,2021-12-08,"Pain & Gain","Pain & Gain",https://www.imdb.com/title/tt1980209,Movie,6.4,129,2013,"Drama, Comedy, Crime, Biography, Mystery, Action",239914,"2013-04-26","Michael Bay"
tt2494280,9,2021-12-08,"Stretch","Stretch",https://www.imdb.com/title/tt2494280,Movie,6.5,94,2014,"Comedy, Crime",32803,"2014-10-14","Joe Carnahan"
tt2854926,7,2021-12-08,"Tag","Tag",https://www.imdb.com/title/tt2854926,Movie,6.5,100,2018,"Comedy, Action",159654,"2018-06-15","Jeff Tomsic"
tt3110958,9,2021-12-08,"Now You See Me 2","Now You See Me 2",https://www.imdb.com/title/tt3110958,Movie,6.4,129,2016,"Comedy, Thriller, Action, Adventure, Mystery, Crime",356063,"2016-06-10","Jon M. Chu"
tt0116126,8,2021-12-08,"Don't Be a Menace to South Central While Drinking Your Juice in the Hood","Don't Be a Menace to South Central While Drinking Your Juice in the Hood",https://www.imdb.com/title/tt0116126,Movie,6.5,89,1996,"Crime, Comedy",66887,"1996-01-12","Paris Barclay"
tt0191397,9,2021-12-08,"The Replacements","The Replacements",https://www.imdb.com/title/tt0191397,Movie,6.6,118,2000,"Sport, Comedy",73785,"2000-08-11","Howard Deutch"
tt0386588,9,2021-12-08,"Hitch","Hitch",https://www.imdb.com/title/tt0386588,Movie,6.6,118,2005,"Comedy, Romance",346993,"2005-02-11","Andy Tennant"
tt2381941,8,2021-12-08,"Focus","Focus",https://www.imdb.com/title/tt2381941,Movie,6.6,105,2015,"Comedy, Crime, Romance, Drama",292674,"2015-02-27","Glenn Ficarra,John Requa"
tt0787475,7,2021-12-08,"Hot Rod","Hot Rod",https://www.imdb.com/title/tt0787475,Movie,6.7,88,2007,"Comedy, Sport",98392,"2007-08-03","Akiva Schaffer"
tt1386588,7,2021-12-08,"The Other Guys","The Other Guys",https://www.imdb.com/title/tt1386588,Movie,6.7,107,2010,"Action, Comedy, Crime, Thriller",306602,"2010-08-06","Adam McKay"
tt4649466,8,2021-12-08,"Kingsman: The Golden Circle","Kingsman: The Golden Circle",https://www.imdb.com/title/tt4649466,Movie,6.7,141,2017,"Action, Adventure, Comedy, Crime, Thriller",397165,"2017-09-22","Matthew Vaughn"
tt0105812,9,2021-12-08,"White Men Can't Jump","White Men Can't Jump",https://www.imdb.com/title/tt0105812,Movie,6.8,115,1992,"Sport, Comedy",104050,"1992-03-27","Ron Shelton"
tt0123964,10,2021-12-08,"Life","Life",https://www.imdb.com/title/tt0123964,Movie,6.8,108,1999,"Crime, Drama, Comedy",60443,"1999-04-16","Ted Demme"
tt0315327,9,2021-12-08,"Bruce Almighty","Bruce Almighty",https://www.imdb.com/title/tt0315327,Movie,6.8,101,2003,"Fantasy, Comedy",465011,"2003-05-23","Tom Shadyac"
tt0365830,9,2021-12-08,"Tenacious D in the Pick of Destiny","Tenacious D in The Pick of Destiny",https://www.imdb.com/title/tt0365830,Movie,6.8,94,2006,"Musical, Comedy, Adventure, Music",118897,"2006-11-22","Liam Lynch"
tt1067106,8,2021-12-08,"A Christmas Carol","A Christmas Carol",https://www.imdb.com/title/tt1067106,Movie,6.8,96,2009,"Animation, Drama, Family, Fantasy, Adventure, Comedy",140276,"2009-11-06","Robert Zemeckis"
tt1068680,8,2021-12-08,"Yes Man","Yes Man",https://www.imdb.com/title/tt1068680,Movie,6.8,104,2008,"Comedy, Romance",402123,"2008-12-19","Peyton Reed"
tt1499658,8,2021-12-08,"Horrible Bosses","Horrible Bosses",https://www.imdb.com/title/tt1499658,Movie,6.9,98,2011,"Comedy, Crime",485321,"2011-07-08","Seth Gordon"
tt1588173,9,2021-12-08,"Warm Bodies","Warm Bodies",https://www.imdb.com/title/tt1588173,Movie,6.8,98,2013,"Horror, Comedy, Romance, Action, Sci-Fi, Thriller",253659,"2013-02-01","Jonathan Levine"
tt0110475,8,2021-12-08,"The Mask","The Mask",https://www.imdb.com/title/tt0110475,Movie,7.0,101,1994,"Crime, Comedy, Fantasy",463578,"1994-07-29","Chuck Russell"
tt0119528,8,2021-12-08,"Liar Liar","Liar Liar",https://www.imdb.com/title/tt0119528,Movie,6.9,86,1997,"Fantasy, Comedy",359092,"1997-03-21","Tom Shadyac"
tt0396269,8,2021-12-08,"Wedding Crashers","Wedding Crashers",https://www.imdb.com/title/tt0396269,Movie,7.0,119,2005,"Comedy, Romance",394666,"2005-07-15","David Dobkin"
tt5688932,9,2021-12-08,"Sorry to Bother You","Sorry to Bother You",https://www.imdb.com/title/tt5688932,Movie,6.9,112,2018,"Comedy, Fantasy, Sci-Fi, Drama",93357,"2018-07-13","Boots Riley"
tt0307987,8,2021-12-08,"Bad Santa","Bad Santa",https://www.imdb.com/title/tt0307987,Movie,7.0,92,2003,"Drama, Crime, Comedy",166803,"2003-11-26","Terry Zwigoff"
tt0319343,8,2021-12-08,"Elf","Elf",https://www.imdb.com/title/tt0319343,Movie,7.1,97,2003,"Family, Fantasy, Romance, Adventure, Comedy",344601,"2003-11-07","Jon Favreau"
tt0311289,9,2021-12-08,"Holes","Holes",https://www.imdb.com/title/tt0311289,Movie,7.0,117,2003,"Comedy, Adventure, Mystery, Drama, Family",108348,"2003-04-18","Andrew Davis"
tt0456554,7,2021-12-08,"Grandma's Boy","Grandma's Boy",https://www.imdb.com/title/tt0456554,Movie,6.9,94,2006,"Comedy",92423,"2006-01-06","Nicholaus Goossen"
tt1282140,8,2021-12-08,"Easy A","Easy A",https://www.imdb.com/title/tt1282140,Movie,7.0,92,2010,"Comedy, Romance, Drama",440070,"2010-09-17","Will Gluck"
tt0332379,9,2021-12-08,"School of Rock","School of Rock",https://www.imdb.com/title/tt0332379,Movie,7.2,109,2003,"Music, Comedy",354584,"2003-10-03","Richard Linklater"
tt1931533,9,2021-12-08,"Seven Psychopaths","Seven Psychopaths",https://www.imdb.com/title/tt1931533,Movie,7.1,110,2012,"Comedy, Crime",285927,"2012-10-12","Martin McDonagh"
tt3850214,9,2021-12-08,"Dope","Dope",https://www.imdb.com/title/tt3850214,Movie,7.2,103,2015,"Drama, Comedy, Crime, Adventure",91479,"2015-06-19","Rick Famuyiwa"
tt0094737,9,2021-12-08,"Big","Big",https://www.imdb.com/title/tt0094737,Movie,7.3,104,1988,"Drama, Romance, Comedy, Fantasy",257522,"1988-06-03","Penny Marshall"
tt0113118,10,2021-12-08,"Friday","Friday",https://www.imdb.com/title/tt0113118,Movie,7.2,91,1995,"Drama, Comedy",135320,"1995-04-26","F. Gary Gray"
tt0362227,8,2021-12-08,"The Terminal","The Terminal",https://www.imdb.com/title/tt0362227,Movie,7.4,128,2004,"Drama, Comedy, Romance",529809,"2004-06-18","Steven Spielberg"
tt1190536,9,2021-12-08,"Black Dynamite","Black Dynamite",https://www.imdb.com/title/tt1190536,Movie,7.4,84,2009,"Comedy, Action",54022,"2010-01-13","Scott Sanders"
tt0086465,9,2021-12-08,"Trading Places","Trading Places",https://www.imdb.com/title/tt0086465,Movie,7.5,116,1983,"Comedy",180655,"1983-06-08","John Landis"
tt1045658,7,2021-12-08,"Silver Linings Playbook","Silver Linings Playbook",https://www.imdb.com/title/tt1045658,Movie,7.7,122,2012,"Comedy, Drama, Romance",769279,"2012-12-25","David O. Russell"
tt0108037,9,2021-12-08,"The Sandlot","The Sandlot",https://www.imdb.com/title/tt0108037,Movie,7.8,101,1993,"Drama, Sport, Comedy, Family",113061,"1993-04-07","David Mickey Evans"
tt1431045,9,2021-12-08,"Deadpool","Deadpool",https://www.imdb.com/title/tt1431045,Movie,8.0,108,2016,"Action, Sci-Fi, Comedy",1238943,"2016-02-12","Tim Miller"
tt0988045,9,2021-12-08,"Sherlock Holmes","Sherlock Holmes",https://www.imdb.com/title/tt0988045,Movie,7.5,128,2009,"Adventure, Mystery, Action",701601,"2009-12-25","Guy Ritchie"
tt7668870,7,2021-12-08,"Searching","Searching",https://www.imdb.com/title/tt7668870,Movie,7.6,102,2018,"Thriller, Drama, Mystery",190543,"2018-08-31","Aneesh Chaganty"
tt0488120,7,2021-12-08,"Fracture","Fracture",https://www.imdb.com/title/tt0488120,Movie,7.2,113,2007,"Crime, Drama, Thriller",233077,"2007-04-20","Gregory Hoblit"
tt0822854,8,2021-12-08,"Shooter","Shooter",https://www.imdb.com/title/tt0822854,Movie,7.1,124,2007,"Action, Thriller, Drama",373244,"2007-03-23","Antoine Fuqua"
tt1392170,9,2021-12-08,"The Hunger Games","The Hunger Games",https://www.imdb.com/title/tt1392170,Movie,7.2,142,2012,"Adventure, Sci-Fi, Thriller, Action",1070450,"2012-03-23","Gary Ross"
tt0217869,8,2021-12-08,"Unbreakable","Unbreakable",https://www.imdb.com/title/tt0217869,Movie,7.3,106,2000,"Mystery, Drama, Sci-Fi, Thriller",464504,"2000-11-22","M. Night Shyamalan"
tt1189340,9,2021-12-08,"The Lincoln Lawyer","The Lincoln Lawyer",https://www.imdb.com/title/tt1189340,Movie,7.3,118,2011,"Drama, Crime, Thriller, Mystery",267866,"2011-03-18","Brad Furman"
tt1458175,8,2021-12-08,"The Next Three Days","The Next Three Days",https://www.imdb.com/title/tt1458175,Movie,7.3,133,2010,"Crime, Drama, Romance, Thriller, Action",214348,"2010-11-19","Paul Haggis"
tt1907668,9,2021-12-08,"Flight","Flight",https://www.imdb.com/title/tt1907668,Movie,7.3,138,2012,"Drama, Thriller",394416,"2012-11-02","Robert Zemeckis"
tt2140479,7,2021-12-08,"The Accountant","The Accountant",https://www.imdb.com/title/tt2140479,Movie,7.3,128,2016,"Thriller, Action, Crime, Drama",390104,"2016-10-14","Gavin O'Connor"
tt0238380,9,2021-12-08,"Equilibrium","Equilibrium",https://www.imdb.com/title/tt0238380,Movie,7.3,107,2002,"Drama, Sci-Fi, Thriller, Action",360235,"2002-12-06","Kurt Wimmer"
tt1197624,9,2021-12-08,"Law Abiding Citizen","Law Abiding Citizen",https://www.imdb.com/title/tt1197624,Movie,7.4,109,2009,"Drama, Thriller, Crime, Action",342091,"2009-10-16","F. Gary Gray"
tt1790885,8,2021-12-08,"Zero Dark Thirty","Zero Dark Thirty",https://www.imdb.com/title/tt1790885,Movie,7.4,157,2012,"Thriller, Drama, History",338216,"2013-01-11","Kathryn Bigelow"
tt0107554,9,2021-12-08,"Menace II Society","Menace II Society",https://www.imdb.com/title/tt0107554,Movie,7.5,97,1993,"Thriller, Crime, Drama",69120,"1993-05-26","Albert Hughes,Allen Hughes"
tt0369339,8,2021-12-08,"Collateral","Collateral",https://www.imdb.com/title/tt0369339,Movie,7.5,120,2004,"Crime, Thriller, Action, Drama",462962,"2004-08-06","Michael Mann"
tt0840361,9,2021-12-08,"The Town","The Town",https://www.imdb.com/title/tt0840361,Movie,7.5,125,2010,"Drama, Thriller, Crime",442623,"2010-09-17","Ben Affleck"
tt1951264,9,2021-12-08,"The Hunger Games: Catching Fire","The Hunger Games: Catching Fire",https://www.imdb.com/title/tt1951264,Movie,7.5,146,2013,"Sci-Fi, Thriller, Action, Adventure",765992,"2013-11-22","Francis Lawrence"
tt2397535,10,2021-12-08,"Predestination","Predestination",https://www.imdb.com/title/tt2397535,Movie,7.4,97,2014,"Sci-Fi, Thriller, Drama, Action",330816,"2015-01-09","Michael Spierig,Peter Spierig"
tt0109506,10,2021-12-08,"The Crow","The Crow",https://www.imdb.com/title/tt0109506,Movie,7.5,102,1994,"Fantasy, Thriller, Crime, Drama, Horror, Action",228693,"1994-05-13","Alex Proyas"
tt0454848,8,2021-12-08,"Inside Man","Inside Man",https://www.imdb.com/title/tt0454848,Movie,7.6,129,2006,"Crime, Drama, Thriller, Mystery",421466,"2006-03-24","Spike Lee"
tt1899353,10,2021-12-08,"The Raid: Redemption","Serbuan maut",https://www.imdb.com/title/tt1899353,Movie,7.6,101,2011,"Action, Thriller, Crime",228337,"2012-04-13","Gareth Evans"
tt0139654,10,2021-12-08,"Training Day","Training Day",https://www.imdb.com/title/tt0139654,Movie,7.8,122,2001,"Crime, Drama, Thriller",510707,"2001-10-05","Antoine Fuqua"
tt0144117,10,2021-12-08,"The Boondock Saints","The Boondock Saints",https://www.imdb.com/title/tt0144117,Movie,7.6,108,1999,"Thriller, Action, Crime",260691,"2000-01-21","Troy Duffy"
tt0257044,10,2021-12-08,"Road to Perdition","Road to Perdition",https://www.imdb.com/title/tt0257044,Movie,7.6,117,2002,"Thriller, Crime, Drama",298589,"2002-07-12","Sam Mendes"
tt0328107,10,2021-12-08,"Man on Fire","Man on Fire",https://www.imdb.com/title/tt0328107,Movie,7.7,146,2004,"Thriller, Drama, Crime, Action",414677,"2004-04-23","Tony Scott"
tt0372183,9,2021-12-08,"The Bourne Supremacy","The Bourne Supremacy",https://www.imdb.com/title/tt0372183,Movie,7.7,108,2004,"Thriller, Action, Mystery",509125,"2004-07-23","Paul Greengrass"
tt0443706,10,2021-12-08,"Zodiac","Zodiac",https://www.imdb.com/title/tt0443706,Movie,7.7,157,2007,"Drama, Thriller, Crime, Mystery",661932,"2007-03-02","David Fincher"
tt5362988,9,2021-12-08,"Wind River","Wind River",https://www.imdb.com/title/tt5362988,Movie,7.7,107,2017,"Thriller, Crime, Mystery, Drama, Western",309812,"2017-08-18","Taylor Sheridan"
tt0936501,10,2021-12-08,"Taken","Taken",https://www.imdb.com/title/tt0936501,Movie,7.7,90,2008,"Action, Thriller, Crime",666889,"2009-01-30","Pierre Morel"
tt1070874,10,2021-12-08,"The Trial of the Chicago 7","The Trial of the Chicago 7",https://www.imdb.com/title/tt1070874,Movie,7.7,129,2020,"Drama, Thriller, History",203673,"2020-10-16","Aaron Sorkin"
tt1074638,9,2021-12-08,"Skyfall","Skyfall",https://www.imdb.com/title/tt1074638,Movie,7.8,143,2012,"Action, Thriller, Adventure",765664,"2012-11-09","Sam Mendes"
tt1527788,10,2021-12-08,"The Man from Nowhere","Ajeossi",https://www.imdb.com/title/tt1527788,Movie,7.7,119,2010,"Action, Drama, Thriller, Crime",79716,"2010-08-05","Lee Jeong-beom"
tt1535109,8,2021-12-08,"Captain Phillips","Captain Phillips",https://www.imdb.com/title/tt1535109,Movie,7.8,134,2013,"Drama, Biography, Thriller, Crime, Action",515890,"2013-10-11","Paul Greengrass"
tt0258463,10,2021-12-08,"The Bourne Identity","The Bourne Identity",https://www.imdb.com/title/tt0258463,Movie,7.8,119,2002,"Mystery, Thriller, Action",608063,"2002-06-14","Doug Liman"
tt0327056,10,2021-12-08,"Mystic River","Mystic River",https://www.imdb.com/title/tt0327056,Movie,7.9,138,2003,"Crime, Mystery, Thriller, Drama",517057,"2003-10-15","Clint Eastwood"
tt0440963,9,2021-12-08,"The Bourne Ultimatum","The Bourne Ultimatum",https://www.imdb.com/title/tt0440963,Movie,8.0,115,2007,"Action, Thriller, Mystery",680133,"2007-08-03","Paul Greengrass"
tt2265171,10,2021-12-08,"The Raid 2","Serbuan maut 2: Berandal",https://www.imdb.com/title/tt2265171,Movie,7.9,150,2014,"Action, Thriller, Crime",138010,"2014-04-11","Gareth Evans"
tt0468569,10,2021-12-08,"The Dark Knight","The Dark Knight",https://www.imdb.com/title/tt0468569,Movie,9.1,152,2008,"Drama, Crime, Thriller, Action",3122516,"2008-07-18","Christopher Nolan"
tt1241317,6,2021-12-08,"Death Note","Death Note",https://www.imdb.com/title/tt1241317,Movie,4.5,101,2017,"Thriller, Horror, Fantasy, Crime, Drama, Mystery",95170,"2017-08-25","Adam Wingard"
tt1038686,8,2021-12-08,"Legion","Legion",https://www.imdb.com/title/tt1038686,Movie,5.3,100,2010,"Fantasy, Action, Horror",118690,"2010-01-22","Scott Stewart"
tt0288477,7,2021-12-08,"Ghost Ship","Ghost Ship",https://www.imdb.com/title/tt0288477,Movie,5.6,91,2002,"Mystery, Thriller, Horror",116097,"2002-10-25","Steve Beck"
tt0301470,7,2021-12-08,"Jeepers Creepers 2","Jeepers Creepers 2",https://www.imdb.com/title/tt0301470,Movie,5.7,104,2003,"Horror",75733,"2003-08-29","Victor Salva"
tt7958736,6,2021-12-08,"Ma","Ma",https://www.imdb.com/title/tt7958736,Movie,5.6,99,2019,"Thriller, Mystery, Horror",69948,"2019-05-31","Tate Taylor"
tt6246322,7,2021-12-08,"Don't Breathe 2","Don't Breathe 2",https://www.imdb.com/title/tt6246322,Movie,6.0,98,2021,"Thriller, Action, Crime, Horror",80679,"2021-08-13","Rodo Sayagues"
tt0263488,7,2021-12-08,"Jeepers Creepers","Jeepers Creepers",https://www.imdb.com/title/tt0263488,Movie,6.2,90,2001,"Mystery, Horror",155779,"2001-08-31","Victor Salva"
tt0482606,9,2021-12-08,"The Strangers","The Strangers",https://www.imdb.com/title/tt0482606,Movie,6.1,86,2008,"Horror, Thriller, Mystery",155962,"2008-05-30","Bryan Bertino"
tt1242432,9,2021-12-08,"I Spit on Your Grave","I Spit on Your Grave",https://www.imdb.com/title/tt1242432,Movie,6.2,108,2010,"Horror, Thriller",101528,"2010-06-17","Steven R. Monroe"
tt0433362,8,2021-12-08,"Daybreakers","Daybreakers",https://www.imdb.com/title/tt0433362,Movie,6.4,98,2009,"Action, Thriller, Horror, Sci-Fi",140207,"2010-01-08","Michael Spierig,Peter Spierig"
tt4530422,9,2021-12-08,"Overlord","Overlord",https://www.imdb.com/title/tt4530422,Movie,6.6,110,2018,"Action, Horror, Sci-Fi, War",114447,"2018-11-09","Julius Avery"
tt5109784,6,2021-12-08,"Mother!","Mother!",https://www.imdb.com/title/tt5109784,Movie,6.6,121,2017,"Drama, Mystery, Horror",265739,"2017-09-15","Darren Aronofsky"
tt5442430,9,2021-12-08,"Life","Life",https://www.imdb.com/title/tt5442430,Movie,6.6,104,2017,"Sci-Fi, Thriller, Horror",274455,"2017-03-24","Daniel Espinosa"
tt1911644,8,2021-12-08,"The Call","The Call",https://www.imdb.com/title/tt1911644,Movie,6.7,94,2013,"Thriller, Drama, Horror",133855,"2013-03-15","Brad Anderson"
tt0450385,5,2021-12-08,"1408","1408",https://www.imdb.com/title/tt0450385,Movie,6.8,104,2007,"Horror, Mystery, Fantasy",311678,"2007-06-22","Mikael Håfström"
tt1922777,8,2021-12-08,"Sinister","Sinister",https://www.imdb.com/title/tt1922777,Movie,6.8,110,2012,"Horror, Mystery, Thriller",312160,"2012-10-12","Scott Derrickson"
tt2321549,7,2021-12-08,"The Babadook","The Babadook",https://www.imdb.com/title/tt2321549,Movie,6.8,94,2014,"Horror, Mystery, Drama",267554,"2014-11-28","Jennifer Kent"
tt1060277,7,2021-12-08,"Cloverfield","Cloverfield",https://www.imdb.com/title/tt1060277,Movie,7.0,85,2008,"Sci-Fi, Horror, Thriller, Action",441001,"2008-01-18","Matt Reeves"
tt1259521,8,2021-12-08,"The Cabin in the Woods","The Cabin in the Woods",https://www.imdb.com/title/tt1259521,Movie,7.0,95,2011,"Horror, Mystery, Thriller",485575,"2012-04-13","Drew Goddard"
tt8228288,10,2021-12-08,"The Platform","El hoyo",https://www.imdb.com/title/tt8228288,Movie,7.0,94,2019,"Thriller, Sci-Fi, Horror, Mystery",319294,"2020-03-20","Galder Gaztelu-Urrutia"
tt4160708,9,2021-12-08,"Don't Breathe","Don't Breathe",https://www.imdb.com/title/tt4160708,Movie,7.1,88,2016,"Thriller, Crime, Horror",327046,"2016-08-26","Fede Alvarez"
tt1179933,8,2021-12-08,"10 Cloverfield Lane","10 Cloverfield Lane",https://www.imdb.com/title/tt1179933,Movie,7.2,103,2016,"Drama, Sci-Fi, Thriller, Horror",380553,"2016-03-11","Dan Trachtenberg"
tt4972582,7,2021-12-08,"Split","Split",https://www.imdb.com/title/tt4972582,Movie,7.3,117,2016,"Thriller, Horror",613439,"2017-01-20","M. Night Shyamalan"
tt1457767,7,2021-12-08,"The Conjuring","The Conjuring",https://www.imdb.com/title/tt1457767,Movie,7.5,112,2013,"Horror, Mystery, Thriller",614243,"2013-07-19","James Wan"
tt1465522,9,2021-12-08,"Tucker and Dale vs Evil","Tucker and Dale vs Evil",https://www.imdb.com/title/tt1465522,Movie,7.5,89,2010,"Comedy, Horror",207226,"2010-12-09","Eli Craig"
tt0387564,9,2021-12-08,"Saw","Saw",https://www.imdb.com/title/tt0387564,Movie,7.6,103,2004,"Mystery, Horror, Thriller",504182,"2004-10-29","James Wan"
tt2788710,6,2021-12-08,"The Interview","The Interview",https://www.imdb.com/title/tt2788710,Movie,6.5,112,2014,"Comedy, Action, Adventure",373913,"2014-12-24","Evan Goldberg,Seth Rogen"
tt1091191,8,2021-12-08,"Lone Survivor","Lone Survivor",https://www.imdb.com/title/tt1091191,Movie,7.5,121,2013,"Action, Drama, War, Biography",321399,"2014-01-10","Peter Berg"
tt0838283,7,2021-12-08,"Step Brothers","Step Brothers",https://www.imdb.com/title/tt0838283,Movie,6.9,98,2008,"Comedy",338037,"2008-07-25","Adam McKay"
tt1723121,8,2021-12-08,"We're the Millers","We're the Millers",https://www.imdb.com/title/tt1723121,Movie,7.0,110,2013,"Comedy, Crime",519133,"2013-08-07","Rawson Marshall Thurber"
tt6146586,8,2021-12-08,"John Wick: Chapter 3 - Parabellum","John Wick: Chapter 3 - Parabellum",https://www.imdb.com/title/tt6146586,Movie,7.4,130,2019,"Action, Thriller, Crime, Drama",473150,"2019-05-17","Chad Stahelski"
tt4425200,8,2021-12-08,"John Wick: Chapter 2","John Wick: Chapter 2",https://www.imdb.com/title/tt4425200,Movie,7.4,122,2017,"Action, Thriller, Crime",562259,"2017-02-10","Chad Stahelski"
tt2911666,8,2021-12-08,"John Wick","John Wick",https://www.imdb.com/title/tt2911666,Movie,7.5,101,2014,"Action, Thriller, Crime",814841,"2014-10-24","Chad Stahelski"
tt1825683,8,2021-12-08,"Black Panther","Black Panther",https://www.imdb.com/title/tt1825683,Movie,7.3,134,2018,"Action, Adventure, Sci-Fi",899563,"2018-02-16","Ryan Coogler"
tt3498820,8,2021-12-08,"Captain America: Civil War","Captain America: Civil War",https://www.imdb.com/title/tt3498820,Movie,7.8,147,2016,"Action, Sci-Fi",915871,"2016-05-06","Anthony Russo,Joe Russo"
tt5463162,8,2021-12-08,"Deadpool 2","Deadpool 2",https://www.imdb.com/title/tt5463162,Movie,7.6,119,2018,"Action, Adventure, Comedy, Sci-Fi",735153,"2018-05-18","David Leitch"
tt6320628,8,2021-12-08,"Spider-Man: Far from Home","Spider-Man: Far from Home",https://www.imdb.com/title/tt6320628,Movie,7.3,129,2019,"Action, Adventure, Sci-Fi, Comedy, Fantasy",626247,"2019-07-02","Jon Watts"
tt7097896,6,2021-12-08,"Venom: Let There Be Carnage","Venom: Let There Be Carnage",https://www.imdb.com/title/tt7097896,Movie,5.9,97,2021,"Action, Thriller, Sci-Fi, Comedy",299122,"2021-10-01","Andy Serkis"
tt2250912,8,2021-12-08,"Spider-Man: Homecoming","Spider-Man: Homecoming",https://www.imdb.com/title/tt2250912,Movie,7.4,133,2017,"Action, Sci-Fi, Adventure",785015,"2017-07-07","Jon Watts"
tt2802144,8,2021-12-08,"Kingsman: The Secret Service","Kingsman: The Secret Service",https://www.imdb.com/title/tt2802144,Movie,7.7,129,2014,"Adventure, Action, Comedy, Thriller",769494,"2015-02-13","Matthew Vaughn"
tt0765429,9,2021-12-08,"American Gangster","American Gangster",https://www.imdb.com/title/tt0765429,Movie,7.8,157,2007,"Drama, Crime, Biography",481302,"2007-11-02","Ridley Scott"
tt0162222,7,2021-12-08,"Cast Away","Cast Away",https://www.imdb.com/title/tt0162222,Movie,7.8,143,2000,"Romance, Drama, Adventure",682185,"2000-12-22","Robert Zemeckis"
tt1345836,8,2021-12-08,"The Dark Knight Rises","The Dark Knight Rises",https://www.imdb.com/title/tt1345836,Movie,8.4,164,2012,"Action, Drama, Thriller, Crime",1970087,"2012-07-20","Christopher Nolan"
tt1855199,8,2021-12-08,"End of Watch","End of Watch",https://www.imdb.com/title/tt1855199,Movie,7.6,109,2012,"Drama, Crime, Thriller, Action",288950,"2012-09-21","David Ayer"
tt1245492,7,2021-11-25,"This Is the End","This Is the End",https://www.imdb.com/title/tt1245492,Movie,6.6,107,2013,"Comedy, Fantasy, Sci-Fi",452269,"2013-06-12","Evan Goldberg,Seth Rogen"
tt0829482,8,2021-11-24,"Superbad","Superbad",https://www.imdb.com/title/tt0829482,Movie,7.6,113,2007,"Comedy",684300,"2007-08-17","Greg Mottola"
tt2179136,10,2021-11-24,"American Sniper","American Sniper",https://www.imdb.com/title/tt2179136,Movie,7.3,133,2014,"Action, Biography, War, Drama",563813,"2015-01-16","Clint Eastwood"
tt1670345,8,2021-11-24,"Now You See Me","Now You See Me",https://www.imdb.com/title/tt1670345,Movie,7.2,115,2013,"Thriller, Crime, Mystery",763271,"2013-05-31","Louis Leterrier"
tt1210166,7,2021-11-24,"Moneyball","Moneyball",https://www.imdb.com/title/tt1210166,Movie,7.6,133,2011,"Drama, Sport, Biography",502006,"2011-09-23","Bennett Miller"
tt2005151,8,2021-11-24,"War Dogs","War Dogs",https://www.imdb.com/title/tt2005151,Movie,7.1,114,2016,"Comedy, Drama, War, Crime, Biography",291620,"2016-08-19","Todd Phillips"
tt0945513,8,2021-11-24,"Source Code","Source Code",https://www.imdb.com/title/tt0945513,Movie,7.5,93,2011,"Sci-Fi, Thriller, Action, Drama, Mystery",577787,"2011-04-01","Duncan Jones"
tt0480249,8,2021-11-24,"I Am Legend","I Am Legend",https://www.imdb.com/title/tt0480249,Movie,7.2,101,2007,"Drama, Sci-Fi, Thriller, Horror",867872,"2007-12-14","Francis Lawrence"
tt1596363,9,2021-11-24,"The Big Short","The Big Short",https://www.imdb.com/title/tt1596363,Movie,7.8,130,2015,"Drama, Biography, Comedy, History",531118,"2015-12-23","Adam McKay"
tt1219289,8,2021-11-24,"Limitless","Limitless",https://www.imdb.com/title/tt1219289,Movie,7.4,105,2011,"Thriller, Sci-Fi",641269,"2011-03-18","Neil Burger"
tt2798920,7,2021-11-24,"Annihilation","Annihilation",https://www.imdb.com/title/tt2798920,Movie,6.8,115,2018,"Sci-Fi, Thriller, Drama, Mystery, Adventure, Horror",389541,"2018-02-23","Alex Garland"
tt1276104,8,2021-11-24,"Looper","Looper",https://www.imdb.com/title/tt1276104,Movie,7.4,119,2012,"Sci-Fi, Action, Thriller, Drama",625153,"2012-09-28","Rian Johnson"
tt0470752,9,2021-11-24,"Ex Machina","Ex Machina",https://www.imdb.com/title/tt0470752,Movie,7.7,108,2014,"Drama, Sci-Fi, Thriller",631502,"2015-04-24","Alex Garland"
tt3397884,10,2021-11-24,"Sicario","Sicario",https://www.imdb.com/title/tt3397884,Movie,7.7,121,2015,"Drama, Crime, Mystery, Thriller, Action",528151,"2015-10-02","Denis Villeneuve"
tt2543164,9,2021-11-24,"Arrival","Arrival",https://www.imdb.com/title/tt2543164,Movie,7.9,116,2016,"Sci-Fi, Drama, Mystery",849170,"2016-11-11","Denis Villeneuve"
tt1285016,8,2021-11-24,"The Social Network","The Social Network",https://www.imdb.com/title/tt1285016,Movie,7.8,120,2010,"Drama, Biography",810823,"2010-10-01","David Fincher"
tt2084970,9,2021-11-24,"The Imitation Game","The Imitation Game",https://www.imdb.com/title/tt2084970,Movie,8.0,114,2014,"Drama, Biography, Thriller, War",870492,"2014-12-25","Morten Tyldum"
tt3659388,8,2021-11-24,"The Martian","The Martian",https://www.imdb.com/title/tt3659388,Movie,8.0,144,2015,"Sci-Fi, Adventure, Drama",994741,"2015-10-02","Ridley Scott"
tt3460252,9,2021-11-24,"The Hateful Eight","The Hateful Eight",https://www.imdb.com/title/tt3460252,Movie,7.8,168,2015,"Western, Drama, Thriller, Mystery, Crime",714360,"2015-12-30","Quentin Tarantino"
tt2872718,9,2021-11-24,"Nightcrawler","Nightcrawler",https://www.imdb.com/title/tt2872718,Movie,7.8,117,2014,"Crime, Thriller, Drama",658548,"2014-10-31","Dan Gilroy"
tt1663202,9,2021-11-24,"The Revenant","The Revenant",https://www.imdb.com/title/tt1663202,Movie,8.0,156,2015,"Adventure, Drama, Western",937133,"2016-01-08","Alejandro G. Iñárritu"
tt1010048,9,2021-11-24,"Slumdog Millionaire","Slumdog Millionaire",https://www.imdb.com/title/tt1010048,Movie,8.0,120,2008,"Drama, Romance, Crime",905672,"2008-12-25","Danny Boyle,Loveleen Tandan"
tt0887912,8,2021-11-24,"The Hurt Locker","The Hurt Locker",https://www.imdb.com/title/tt0887912,Movie,7.5,131,2008,"Thriller, Drama, War",493114,"2009-07-31","Kathryn Bigelow"
tt1392190,10,2021-11-24,"Mad Max: Fury Road","Mad Max: Fury Road",https://www.imdb.com/title/tt1392190,Movie,8.1,120,2015,"Action, Adventure, Sci-Fi",1195150,"2015-05-15","George Miller"
tt2024544,10,2021-11-24,"12 Years a Slave","12 Years a Slave",https://www.imdb.com/title/tt2024544,Movie,8.1,134,2013,"Drama, History, Biography",779923,"2013-11-08","Steve McQueen"
tt2267998,9,2021-11-24,"Gone Girl","Gone Girl",https://www.imdb.com/title/tt2267998,Movie,8.1,149,2014,"Thriller, Drama, Mystery",1154475,"2014-10-03","David Fincher"
tt1392214,8,2021-11-24,"Prisoners","Prisoners",https://www.imdb.com/title/tt1392214,Movie,8.2,153,2013,"Crime, Drama, Thriller, Mystery",915000,"2013-09-20","Denis Villeneuve"
tt1291584,9,2021-11-24,"Warrior","Warrior",https://www.imdb.com/title/tt1291584,Movie,8.1,140,2011,"Drama, Sport, Action",524659,"2011-09-09","Gavin O'Connor"
tt1130884,10,2021-11-24,"Shutter Island","Shutter Island",https://www.imdb.com/title/tt1130884,Movie,8.2,138,2010,"Thriller, Mystery, Drama",1614703,"2010-02-19","Martin Scorsese"
tt0268978,10,2021-11-24,"A Beautiful Mind","A Beautiful Mind",https://www.imdb.com/title/tt0268978,Movie,8.2,135,2001,"Biography, Mystery, Drama",1044888,"2002-01-04","Ron Howard"
tt0469494,8,2021-11-24,"There Will Be Blood","There Will Be Blood",https://www.imdb.com/title/tt0469494,Movie,8.2,158,2007,"Drama",698430,"2008-01-25","Paul Thomas Anderson"
tt0338013,8,2021-11-24,"Eternal Sunshine of the Spotless Mind","Eternal Sunshine of the Spotless Mind",https://www.imdb.com/title/tt0338013,Movie,8.3,108,2004,"Drama, Sci-Fi, Romance",1168654,"2004-03-19","Michel Gondry"
tt0119217,10,2021-11-24,"Good Will Hunting","Good Will Hunting",https://www.imdb.com/title/tt0119217,Movie,8.3,126,1997,"Romance, Drama",1192263,"1998-01-09","Gus Van Sant"
tt0361748,10,2021-11-24,"Inglourious Basterds","Inglourious Basterds",https://www.imdb.com/title/tt0361748,Movie,8.4,153,2009,"War, Adventure, Drama",1752680,"2009-08-21","Quentin Tarantino"
tt0169547,8,2021-11-24,"American Beauty","American Beauty",https://www.imdb.com/title/tt0169547,Movie,8.3,122,1999,"Drama",1271440,"1999-10-01","Sam Mendes"
tt4633694,9,2021-11-24,"Spider-Man: Into the Spider-Verse","Spider-Man: Into the Spider-Verse",https://www.imdb.com/title/tt4633694,Movie,8.4,117,2018,"Animation, Action, Sci-Fi, Adventure, Family, Fantasy",771715,"2018-12-14","Bob Persichetti,Peter Ramsey,Rodney Rothman"
tt5052448,9,2021-11-24,"Get Out","Get Out",https://www.imdb.com/title/tt5052448,Movie,7.8,104,2017,"Horror, Mystery, Thriller",799756,"2017-02-24","Jordan Peele"
tt0455275,10,2021-11-24,"Prison Break","Prison Break",https://www.imdb.com/title/tt0455275,TV Series,8.3,44,2005,"Mystery, Thriller, Crime, Drama, Action",655325,"2005-08-29",
tt1124373,9,2021-11-24,"Sons of Anarchy","Sons of Anarchy",https://www.imdb.com/title/tt1124373,TV Series,8.5,45,2008,"Drama, Crime, Thriller",350656,"2008-09-03",
tt0412142,10,2021-11-24,"House","House M.D.",https://www.imdb.com/title/tt0412142,TV Series,8.7,45,2004,"Drama",583904,"2004-11-16",
tt0099785,9,2021-11-24,"Home Alone","Home Alone",https://www.imdb.com/title/tt0099785,Movie,7.8,103,1990,"Comedy, Family",734077,"1990-11-16","Chris Columbus"
tt0386676,9,2021-11-24,"The Office","The Office",https://www.imdb.com/title/tt0386676,TV Series,9.0,22,2005,"Comedy",815107,"2005-03-24",
tt6524350,1,2021-11-24,"Big Mouth","Big Mouth",https://www.imdb.com/title/tt6524350,TV Series,7.8,30,2017,"Animation, Comedy, Romance",97299,"2017-09-29",
tt2861424,1,2021-11-24,"Rick and Morty","Rick and Morty",https://www.imdb.com/title/tt2861424,TV Series,9.0,23,2013,"Animation, Adventure, Comedy, Sci-Fi",682884,"2013-12-02",
tt1190634,10,2021-11-24,"The Boys","The Boys",https://www.imdb.com/title/tt1190634,TV Series,8.6,60,2019,"Action, Sci-Fi, Crime, Drama, Comedy",828872,"2019-07-26",
tt1396484,8,2021-11-24,"It","It",https://www.imdb.com/title/tt1396484,Movie,7.3,135,2017,"Horror",683889,"2017-09-08","Andy Muschietti"
tt8244784,7,2021-11-24,"The Hunt","The Hunt",https://www.imdb.com/title/tt8244784,Movie,6.6,90,2020,"Action, Horror, Thriller",150622,"2020-03-13","Craig Zobel"
tt4158110,10,2021-11-24,"Mr. Robot","Mr. Robot",https://www.imdb.com/title/tt4158110,TV Series,8.5,45,2015,"Crime, Drama, Thriller",459832,"2015-06-24",
tt2707408,10,2021-11-24,"Narcos","Narcos",https://www.imdb.com/title/tt2707408,TV Series,8.7,50,2015,"Crime, Drama, Biography, Thriller",519694,"2015-08-28",
tt0306414,10,2021-11-24,"The Wire","The Wire",https://www.imdb.com/title/tt0306414,TV Series,9.3,60,2002,"Thriller, Crime, Drama",423283,"2002-06-02",
tt2085059,10,2021-11-24,"Black Mirror","Black Mirror",https://www.imdb.com/title/tt2085059,TV Series,8.7,60,2011,"Drama, Thriller, Sci-Fi, Mystery, Crime",725774,"2011-12-04",
tt0203259,8,2021-11-24,"Law & Order: Special Victims Unit","Law & Order: Special Victims Unit",https://www.imdb.com/title/tt0203259,TV Series,8.1,60,1999,"Mystery, Thriller, Crime, Drama",142467,"1999-09-20",
tt0903747,9,2021-11-24,"Breaking Bad","Breaking Bad",https://www.imdb.com/title/tt0903747,TV Series,9.5,48,2008,"Drama, Crime, Thriller",2466581,"2008-01-20",
tt0773262,10,2021-11-24,"Dexter","Dexter",https://www.imdb.com/title/tt0773262,TV Series,8.6,60,2006,"Crime, Drama, Mystery, Thriller",907610,"2006-10-01",
tt1853728,10,2021-11-24,"Django Unchained","Django Unchained",https://www.imdb.com/title/tt1853728,Movie,8.5,165,2012,"Western, Drama",1856250,"2012-12-25","Quentin Tarantino"
tt0482571,10,2021-11-24,"The Prestige","The Prestige",https://www.imdb.com/title/tt0482571,Movie,8.5,130,2006,"Drama, Thriller, Mystery, Sci-Fi",1566588,"2006-10-20","Christopher Nolan"
tt1675434,9,2021-11-24,"The Intouchables","Intouchables",https://www.imdb.com/title/tt1675434,Movie,8.5,112,2011,"Comedy, Drama",1013283,"2011-11-02","Olivier Nakache,Éric Toledano"
tt0407887,9,2021-11-24,"The Departed","The Departed",https://www.imdb.com/title/tt0407887,Movie,8.5,151,2006,"Crime, Drama, Thriller",1535593,"2006-10-06","Martin Scorsese"
tt0172495,9,2021-11-24,"Gladiator","Gladiator",https://www.imdb.com/title/tt0172495,Movie,8.5,155,2000,"Adventure, Drama, Action",1823756,"2000-05-05","Ridley Scott"
tt2582802,8,2021-11-24,"Whiplash","Whiplash",https://www.imdb.com/title/tt2582802,Movie,8.5,106,2014,"Drama, Music",1130936,"2014-10-15","Damien Chazelle"
tt0110413,8,2021-11-24,"Léon: The Professional","Léon",https://www.imdb.com/title/tt0110413,Movie,8.5,110,1994,"Action, Drama, Crime, Thriller",1338341,"1994-11-18","Luc Besson"
tt6751668,8,2021-11-24,"Parasite","Gisaengchung",https://www.imdb.com/title/tt6751668,Movie,8.5,132,2019,"Drama, Thriller",1135438,"2019-11-08","Bong Joon Ho"
tt0120689,9,2021-11-24,"The Green Mile","The Green Mile",https://www.imdb.com/title/tt0120689,Movie,8.6,189,1999,"Crime, Fantasy, Mystery, Drama",1540327,"1999-12-10","Frank Darabont"
tt0133093,9,2021-11-24,"The Matrix","The Matrix",https://www.imdb.com/title/tt0133093,Movie,8.7,136,1999,"Action, Sci-Fi",2220781,"1999-03-31","Lana Wachowski,Lilly Wachowski"
tt1375666,8,2021-11-24,"Inception","Inception",https://www.imdb.com/title/tt1375666,Movie,8.8,148,2010,"Sci-Fi, Thriller, Action, Adventure",2776611,"2010-07-16","Christopher Nolan"
tt0137523,8,2021-11-24,"Fight Club","Fight Club",https://www.imdb.com/title/tt0137523,Movie,8.8,139,1999,"Drama, Crime, Thriller",2562930,"1999-10-15","David Fincher"
tt0167260,8,2021-11-24,"The Lord of the Rings: The Return of the King","The Lord of the Rings: The Return of the King",https://www.imdb.com/title/tt0167260,Movie,9.0,201,2003,"Drama, Adventure, Fantasy",2137433,"2003-12-17","Peter Jackson"
tt0111161,10,2021-11-24,"The Shawshank Redemption","The Shawshank Redemption",https://www.imdb.com/title/tt0111161,Movie,9.3,142,1994,"Drama",3146929,"1994-10-14","Frank Darabont"
tt0993846,9,2021-11-24,"The Wolf of Wall Street","The Wolf of Wall Street",https://www.imdb.com/title/tt0993846,Movie,8.2,180,2013,"Crime, Drama, Biography, Comedy",1754795,"2013-12-25","Martin Scorsese"
tt0816692,9,2021-11-24,"Interstellar","Interstellar",https://www.imdb.com/title/tt0816692,Movie,8.7,169,2014,"Sci-Fi, Adventure, Drama",2465057,"2014-11-07","Christopher Nolan"
tt0371746,9,2021-11-24,"Iron Man","Iron Man",https://www.imdb.com/title/tt0371746,Movie,7.9,126,2008,"Action, Sci-Fi, Adventure",1208505,"2008-05-02","Jon Favreau"
tt7286456,8,2021-11-24,"Joker","Joker",https://www.imdb.com/title/tt7286456,Movie,8.3,122,2019,"Crime, Drama, Thriller",1667919,"2019-10-04","Todd Phillips"
tt2975590,8,2021-11-24,"Batman v Superman: Dawn of Justice","Batman v Superman: Dawn of Justice",https://www.imdb.com/title/tt2975590,Movie,6.4,151,2016,"Action, Adventure, Sci-Fi",786407,"2016-03-25","Zack Snyder"
tt4154756,9,2021-11-24,"Avengers: Infinity War","Avengers: Infinity War",https://www.imdb.com/title/tt4154756,Movie,8.4,149,2018,"Action, Sci-Fi, Adventure",1347321,"2018-04-27","Anthony Russo,Joe Russo"
tt1211837,7,2021-11-24,"Doctor Strange","Doctor Strange",https://www.imdb.com/title/tt1211837,Movie,7.5,115,2016,"Fantasy, Adventure, Action, Sci-Fi",869592,"2016-11-04","Scott Derrickson"
tt0451279,6,2021-11-24,"Wonder Woman","Wonder Woman",https://www.imdb.com/title/tt0451279,Movie,7.3,141,2017,"Action, Adventure, Fantasy, Sci-Fi, War",731169,"2017-06-02","Patty Jenkins"
tt12361974,10,2021-11-24,"Zack Snyder's Justice League","Zack Snyder's Justice League",https://www.imdb.com/title/tt12361974,Movie,7.9,242,2021,"Action, Adventure, Fantasy, Sci-Fi",468787,"2021-03-18","Zack Snyder"
tt3896198,8,2021-11-24,"Guardians of the Galaxy Vol. 2","Guardians of the Galaxy Vol. 2",https://www.imdb.com/title/tt3896198,Movie,7.6,136,2017,"Action, Sci-Fi, Adventure, Comedy, Fantasy",818536,"2017-05-05","James Gunn"
tt4154796,10,2021-11-24,"Avengers: Endgame","Avengers: Endgame",https://www.imdb.com/title/tt4154796,Movie,8.4,181,2019,"Action, Sci-Fi, Adventure",1419785,"2019-04-26","Anthony Russo,Joe Russo"
tt1232829,6,2021-11-24,"21 Jump Street","21 Jump Street",https://www.imdb.com/title/tt1232829,Movie,7.2,109,2012,"Action, Comedy, Crime",638653,"2012-03-16","Phil Lord,Christopher Miller"
tt8946378,10,2021-11-24,"Knives Out","Knives Out",https://www.imdb.com/title/tt8946378,Movie,7.9,130,2019,"Crime, Mystery, Thriller, Drama, Comedy",862432,"2019-11-27","Rian Johnson"
tt2015381,9,2021-11-24,"Guardians of the Galaxy","Guardians of the Galaxy",https://www.imdb.com/title/tt2015381,Movie,8.0,121,2014,"Sci-Fi, Action, Adventure, Comedy",1349335,"2014-08-01","James Gunn"
tt3501632,9,2021-11-24,"Thor: Ragnarok","Thor: Ragnarok",https://www.imdb.com/title/tt3501632,Movie,7.9,130,2017,"Action, Sci-Fi, Adventure, Comedy, Fantasy",882940,"2017-11-03","Taika Waititi"
tt0241527,7,2021-11-22,"Harry Potter and the Sorcerer's Stone","Harry Potter and the Sorcerer's Stone",https://www.imdb.com/title/tt0241527,Movie,7.7,152,2001,"Family, Adventure, Fantasy",938533,"2001-11-16","Chris Columbus"
tt1270797,8,2021-11-22,"Venom","Venom",https://www.imdb.com/title/tt1270797,Movie,6.6,112,2018,"Action, Sci-Fi, Adventure",598707,"2018-10-05","Ruben Fleischer"
tt7161846,8,2021-11-22,"Retro Wick: Exploring the Unexpected Success of 'John Wick'","Retro Wick: Exploring the Unexpected Success of 'John Wick'",https://www.imdb.com/title/tt7161846,Video,7.6,5,2017,"Documentary, Short",14504,"2017-06-13","Josh Oreck"
tt5278630,9,2021-11-22,"John Wick: Don't F*#% with John Wick","John Wick: Don't F*#% with John Wick",https://www.imdb.com/title/tt5278630,Video,8.3,16,2015,"Documentary, Short",15233,"2015-02-03","Josh Oreck"
tt10275370,8,2021-11-22,"John Wick: Chapter 3 - Parabellum: HBO First Look","John Wick: Chapter 3 - Parabellum: HBO First Look",https://www.imdb.com/title/tt10275370,TV Special,7.5,13,2019,"Documentary, Short",30674,"2019-04-28",
tt10919420,9,2021-11-22,"Squid Game","Ojing-eo geim",https://www.imdb.com/title/tt10919420,TV Series,7.9,60,2021,"Mystery, Thriller, Drama, Action, Crime",741379,"2021-09-17",
tt3480822,6,2021-11-22,"Black Widow","Black Widow",https://www.imdb.com/title/tt3480822,Movie,6.6,134,2021,"Action, Adventure, Sci-Fi",470739,"2021-07-09","Cate Shortland"
tt6264654,7,2021-11-22,"Free Guy","Free Guy",https://www.imdb.com/title/tt6264654,Movie,7.1,115,2021,"Action, Comedy, Sci-Fi, Adventure, Fantasy, Romance",480692,"2021-08-13","Shawn Levy"
tt7991608,5,2021-11-22,"Red Notice","Red Notice",https://www.imdb.com/title/tt7991608,Movie,6.3,118,2021,"Action, Comedy, Thriller",350140,"2021-11-12","Rawson Marshall Thurber"
tt7888964,7,2021-11-22,"Nobody","Nobody",https://www.imdb.com/title/tt7888964,Movie,7.4,92,2021,"Action, Crime, Thriller, Drama",384497,"2021-03-26","Ilya Naishuller"
tt0117665,10,2021-11-22,"Sleepers","Sleepers",https://www.imdb.com/title/tt0117665,Movie,7.5,147,1996,"Thriller, Crime, Drama",249808,"1996-10-18","Barry Levinson"
tt8980602,7,2021-11-22,"The Kid Detective","The Kid Detective",https://www.imdb.com/title/tt8980602,Movie,7.0,100,2020,"Comedy, Drama, Mystery, Crime",25144,"2020-10-16","Evan Morgan"
tt9777666,7,2021-09-12,"The Tomorrow War","The Tomorrow War",https://www.imdb.com/title/tt9777666,Movie,6.6,138,2021,"Action, Sci-Fi, Adventure, Thriller, Drama",250161,"2021-07-02","Chris McKay"
tt9140554,10,2021-09-12,"Loki","Loki",https://www.imdb.com/title/tt9140554,TV Series,8.2,50,2021,"Fantasy, Sci-Fi, Action, Adventure",463908,"2021-06-09",
tt3228774,10,2021-09-12,"Cruella","Cruella",https://www.imdb.com/title/tt3228774,Movie,7.3,134,2021,"Comedy, Crime, Drama, Adventure",291963,"2021-05-28","Craig Gillespie"
tt3626476,7,2021-09-12,"Vacation Friends","Vacation Friends",https://www.imdb.com/title/tt3626476,Movie,6.3,103,2021,"Comedy, Adventure",33486,"2021-08-27","Clay Tarver"
tt11083552,8,2021-09-12,"Wrath of Man","Wrath of Man",https://www.imdb.com/title/tt11083552,Movie,7.1,119,2021,"Action, Thriller, Crime",234679,"2021-05-07","Guy Ritchie"
tt9784798,8,2021-04-27,"Judas and the Black Messiah","Judas and the Black Messiah",https://www.imdb.com/title/tt9784798,Movie,7.4,126,2021,"Biography, Drama, History, Crime",113550,"2021-02-12","Shaka King"
tt4761112,8,2021-04-27,"The Mauritanian","The Mauritanian",https://www.imdb.com/title/tt4761112,Movie,7.5,129,2021,"Thriller, Drama, Biography",70959,"2021-03-02","Kevin Macdonald"
tt9684220,10,2021-04-27,"Bad Trip","Bad Trip",https://www.imdb.com/title/tt9684220,Movie,6.5,86,2021,"Comedy",28822,"2021-03-26","Kitao Sakurai"
